"Type de ligne","Code","Titre","Contenu","Notes"
"Norme","ISO 9001:2015","Management de la qualité - Exigences","","Remplacer par le nom de votre norme"
"Chapitre","1","Domaine d'application","Ce chapitre définit le domaine d'application de la norme...","Texte du chapitre 1"
"Chapitre","4","Contexte de l'organisme","L'organisme doit déterminer les enjeux externes et internes...","Texte du chapitre 4"
"Section","4.1","Compréhension de l'organisme et de son contexte","L'organisme doit déterminer les enjeux externes et internes pertinents pour sa finalité et son orientation stratégique et qui influent sur sa capacité à atteindre le(s) résultat(s) attendu(s) de son système de management de la qualité.","Contenu de la section 4.1"
"Section","4.2","Compréhension des besoins et attentes des parties intéressées","L'organisme doit déterminer : a) les parties intéressées pertinentes pour le système de management de la qualité ; b) les exigences pertinentes de ces parties intéressées pour le système de management de la qualité.","Contenu de la section 4.2"
"Sous-section","4.2.1","Identification des parties intéressées","L'organisme doit identifier les parties intéressées internes et externes qui influencent ou sont influencées par le système.","Détail de la sous-section"
"Chapitre","5","Leadership","La direction doit démontrer son leadership et son engagement...","Texte du chapitre 5"
"Section","5.1","Leadership et engagement","La direction doit démontrer son leadership et son engagement vis-à-vis du système de management de la qualité en assumant la responsabilité de l'efficacité du système...","Contenu de la section 5.1"
"Section","5.2","Politique","La direction doit établir, mettre en œuvre et tenir à jour une politique qualité...","Contenu de la section 5.2"
"Chapitre","6","Planification","L'organisme doit planifier les actions à mettre en œuvre...","Texte du chapitre 6"
"Section","6.1","Actions à mettre en œuvre face aux risques et opportunités","Lors de la planification du système de management de la qualité, l'organisme doit prendre en compte les enjeux et les exigences...","Contenu de la section 6.1"
"Section","6.2","Objectifs qualité et planification des actions pour les atteindre","L'organisme doit établir des objectifs qualité pour les fonctions, niveaux et processus pertinents...","Contenu de la section 6.2"
"Chapitre","7","Support","L'organisme doit déterminer et fournir les ressources nécessaires...","Texte du chapitre 7"
"Chapitre","8","Réalisation des activités opérationnelles","L'organisme doit planifier, mettre en œuvre et maîtriser les processus...","Texte du chapitre 8"
"Chapitre","9","Évaluation des performances","L'organisme doit évaluer les performances et l'efficacité du système...","Texte du chapitre 9"
"Section","9.1","Surveillance, mesure, analyse et évaluation","L'organisme doit déterminer ce qui doit être surveillé et mesuré, les méthodes et les critères d'évaluation...","Contenu de la section 9.1"
"Section","9.2","Audit interne","L'organisme doit réaliser des audits internes à des intervalles planifiés...","Contenu de la section 9.2"
"Section","9.3","Revue de direction","La direction doit procéder, à des intervalles planifiés, à la revue du système de management de la qualité...","Contenu de la section 9.3"
"Chapitre","10","Amélioration","L'organisme doit déterminer et sélectionner les opportunités d'amélioration...","Texte du chapitre 10"
"Section","10.1","Généralités","L'organisme doit déterminer et sélectionner les opportunités d'amélioration et mettre en œuvre toute action nécessaire...","Contenu de la section 10.1"
"Section","10.2","Non-conformité et actions correctives","Lorsqu'une non-conformité se produit, l'organisme doit réagir, évaluer, mettre en œuvre des actions correctives et vérifier leur efficacité...","Contenu de la section 10.2"
"Section","10.3","Amélioration continue","L'organisme doit améliorer en continu la pertinence, l'adéquation et l'efficacité du système de management de la qualité.","Contenu de la section 10.3"
